/*
SQLyog Ultimate v11.24 (32 bit)
MySQL - 5.6.21-log : Database - gas
*********************************************************************
*/

/*!40101 SET NAMES utf8 */;

/*!40101 SET SQL_MODE=''*/;

/*!40014 SET @OLD_UNIQUE_CHECKS=@@UNIQUE_CHECKS, UNIQUE_CHECKS=0 */;
/*!40014 SET @OLD_FOREIGN_KEY_CHECKS=@@FOREIGN_KEY_CHECKS, FOREIGN_KEY_CHECKS=0 */;
/*!40101 SET @OLD_SQL_MODE=@@SQL_MODE, SQL_MODE='NO_AUTO_VALUE_ON_ZERO' */;
/*!40111 SET @OLD_SQL_NOTES=@@SQL_NOTES, SQL_NOTES=0 */;
CREATE DATABASE /*!32312 IF NOT EXISTS*/`gas` /*!40100 DEFAULT CHARACTER SET utf8 */;

USE `gas`;

/*Table structure for table `address` */

DROP TABLE IF EXISTS `address`;

CREATE TABLE `address` (
  `address_id` int(11) NOT NULL AUTO_INCREMENT,
  `address_district` varchar(15) NOT NULL,
  `address_area` varchar(15) NOT NULL,
  `address_location` varchar(45) NOT NULL,
  `address_buildings` int(11) NOT NULL,
  `address_customers` int(11) NOT NULL,
  `address_desicribe` varchar(45) NOT NULL,
  PRIMARY KEY (`address_id`),
  UNIQUE KEY `address_district` (`address_district`,`address_area`)
) ENGINE=InnoDB AUTO_INCREMENT=54 DEFAULT CHARSET=utf8;

/*Data for the table `address` */

insert  into `address`(`address_id`,`address_district`,`address_area`,`address_location`,`address_buildings`,`address_customers`,`address_desicribe`) values (34,'利州区','黄金小区','利州区黄金东路222号',12,200,'利州区的小区之一'),(35,'利州区','和苑小区','利州区利州东路110',13,300,'兴建于1990年'),(36,'利州区','东风小区','利州区环城路10号',14,400,'无'),(39,'利州区','常发豪郡','利州区金阳东路34号',15,500,'无'),(41,'利州区','世纪之城','利州区环城路11号',16,600,'无'),(50,'利州区','皇家花园','利州区环城路12号',15,500,'无'),(51,'利州区','玉墅临风','利州区西安路2号',15,500,'无'),(52,'利州区','龙景雅居','利州区北京路34号',15,500,'无'),(53,'利州区','世纪华庭','利州区上海东路55号',15,500,'无');

/*Table structure for table `customer` */

DROP TABLE IF EXISTS `customer`;

CREATE TABLE `customer` (
  `customer_id` int(11) DEFAULT NULL,
  `customer_name` varchar(45) DEFAULT NULL,
  `customer_phone` varchar(45) DEFAULT NULL,
  `address_district` varchar(45) DEFAULT NULL,
  `address_area` varchar(60) DEFAULT NULL,
  `address_building` int(11) DEFAULT NULL,
  `address_layer` int(11) DEFAULT NULL,
  `address_room` int(11) DEFAULT NULL,
  `meter` varchar(45) DEFAULT NULL
) ENGINE=InnoDB DEFAULT CHARSET=utf8;

/*Data for the table `customer` */

insert  into `customer`(`customer_id`,`customer_name`,`customer_phone`,`address_district`,`address_area`,`address_building`,`address_layer`,`address_room`,`meter`) values (1001,'余扬','13518881232','利州区','黄金小区',1,1,1,NULL),(1002,'杨娜','13518881232','利州区','黄金小区',1,1,2,NULL),(1003,'易翠','13518881232','利州区','黄金小区',1,1,3,NULL),(1004,'黄冬冬','13518881232','利州区','黄金小区',1,1,4,NULL),(1005,'李哪吒','13518881232','利州区','黄金小区',1,2,1,NULL),(1006,'袁晓涛','13518881232','利州区','黄金小区',1,2,2,NULL),(1007,'陈瑞钦','13518881232','利州区','黄金小区',1,2,3,NULL),(1008,'李明磊','13518881232','利州区','黄金小区',1,2,4,NULL),(1009,'方庭涛','13518881232','利州区','黄金小区',1,3,1,NULL),(1010,'刘玄德','13518881232','利州区','黄金小区',1,3,2,NULL),(1011,'陈伟','13518881232','利州区','黄金小区',1,3,3,NULL),(1012,'唐元朗','13518881232','利州区','黄金小区',1,3,4,NULL),(1013,'贺晓','13518881232','利州区','黄金小区',1,4,1,NULL),(1014,'张博文','13518881232','利州区','黄金小区',1,4,2,NULL),(1015,'龙瑶','13518881232','利州区','黄金小区',1,4,3,NULL),(1016,'刘军','13518881232','利州区','黄金小区',1,4,4,NULL),(1017,'刘俊','13518881232','利州区','黄金小区',1,5,1,NULL),(1018,'范作伟','13518881232','利州区','黄金小区',1,5,2,NULL),(1019,'陈晓婷','13518881232','利州区','黄金小区',1,5,3,NULL),(1020,'张葛明','13518881232','利州区','黄金小区',1,5,4,NULL),(1021,'孙悟饭','13518881232','利州区','黄金小区',1,6,1,NULL),(1022,'王大伟','13518881232','利州区','黄金小区',1,6,2,NULL),(1023,'蒋英明','13518881232','利州区','黄金小区',1,6,3,NULL),(1024,'陈文涛','13518881232','利州区','黄金小区',1,6,4,NULL),(1025,'李二狗','13518881232','利州区','黄金小区',1,7,1,NULL),(1026,'孙行者','13518881232','利州区','黄金小区',1,7,2,NULL),(1027,'张德华','13912121212','利州区','黄金小区',2,1,1,''),(1028,'黎明','13912121212','利州区','黄金小区',2,1,2,''),(1029,'李静','13912121212','利州区','黄金小区',2,1,3,''),(1030,'张瑞文','13912121212','利州区','黄金小区',2,1,4,''),(1031,'陆永华','13912121212','利州区','黄金小区',2,2,1,''),(1032,'唐李发','13912121212','利州区','黄金小区',2,2,2,''),(1033,'陈方正','13912121212','利州区','黄金小区',2,2,3,''),(1034,'李正兴','13912121212','利州区','黄金小区',2,2,4,''),(1035,'马尧','13912121212','利州区','黄金小区',2,3,1,''),(1036,'耿继伟','13912121212','利州区','黄金小区',2,3,2,''),(1037,'李二蛋','13912121212','利州区','黄金小区',2,3,3,''),(1038,'陈科伟','13912121212','利州区','黄金小区',2,3,4,''),(1039,'杨洋','13912121212','利州区','黄金小区',2,4,1,''),(1040,'陈冠东','13912121212','利州区','黄金小区',2,4,2,''),(1041,'李思凡','13912121212','利州区','黄金小区',2,4,3,''),(1042,'李武广','13912121212','利州区','黄金小区',2,4,4,''),(1043,'司马相如','13912121212','利州区','黄金小区',2,5,1,''),(1044,'白雪飘','13912121212','利州区','黄金小区',2,5,2,''),(1045,'姜子牙','13912121212','利州区','黄金小区',2,5,3,''),(1046,'李元芳','13912121212','利州区','黄金小区',2,5,4,''),(1047,'狄仁杰','13912121212','利州区','黄金小区',2,6,1,''),(1048,'李明智','13912121212','利州区','黄金小区',2,6,2,''),(1049,'柳传志','13912121212','利州区','黄金小区',2,6,3,''),(1050,'马化腾','13912121212','利州区','黄金小区',2,6,4,''),(1051,'张玉龙','13512879022','利州区','黄金小区',1,8,1,NULL),(1052,'李玉仙','13512879022','利州区','黄金小区',1,8,2,NULL),(1053,'刘楚吉','13512879022','利州区','黄金小区',1,8,3,NULL),(1054,'丘处机','13512879022','利州区','黄金小区',1,8,4,NULL);

/*Table structure for table `gas` */

DROP TABLE IF EXISTS `gas`;

CREATE TABLE `gas` (
  `gas_id` int(11) NOT NULL AUTO_INCREMENT,
  `collect_time` timestamp NOT NULL DEFAULT CURRENT_TIMESTAMP ON UPDATE CURRENT_TIMESTAMP,
  `gas_value` int(11) NOT NULL,
  `previous_value` int(11) NOT NULL,
  `gas_money` int(11) NOT NULL,
  `flag` int(11) NOT NULL DEFAULT '0',
  `customer_id` int(11) DEFAULT NULL,
  PRIMARY KEY (`gas_id`),
  KEY `fk_gas_meter1_idx` (`customer_id`)
) ENGINE=InnoDB AUTO_INCREMENT=205 DEFAULT CHARSET=utf8;

/*Data for the table `gas` */

insert  into `gas`(`gas_id`,`collect_time`,`gas_value`,`previous_value`,`gas_money`,`flag`,`customer_id`) values (1,'2015-03-02 00:00:00',2020,2000,998,1,1001),(2,'2015-03-02 00:00:00',2040,2000,996,1,1002),(3,'2015-03-02 00:00:00',2060,2000,994,1,1003),(4,'2015-03-02 00:00:00',2080,2000,992,1,1004),(5,'2015-03-02 00:00:00',2100,2000,990,1,1005),(6,'2015-03-02 00:00:00',2120,2000,988,1,1006),(7,'2015-03-02 00:00:00',2140,2000,986,1,1007),(8,'2015-03-02 00:00:00',2160,2000,984,1,1008),(9,'2015-03-02 00:00:00',2180,2000,982,1,1009),(10,'2015-03-02 00:00:00',2200,2000,980,1,1010),(11,'2015-03-02 00:00:00',2220,2000,978,1,1011),(12,'2015-03-02 00:00:00',2240,2000,976,1,1012),(13,'2015-03-02 00:00:00',2260,2000,974,1,1013),(14,'2015-03-02 00:00:00',2280,2000,972,1,1014),(15,'2015-03-02 00:00:00',2300,2000,970,1,1015),(16,'2015-03-02 00:00:00',2320,2000,968,1,1016),(17,'2015-03-02 00:00:00',2340,2000,966,1,1017),(18,'2015-03-02 00:00:00',2360,2000,964,1,1018),(19,'2015-03-02 00:00:00',2380,2000,962,1,1019),(20,'2015-03-02 00:00:00',2400,2000,960,1,1020),(21,'2015-03-02 00:00:00',2420,2000,958,1,1021),(22,'2015-03-02 00:00:00',2440,2000,956,1,1022),(23,'2015-03-02 00:00:00',2460,2000,954,1,1023),(24,'2015-03-02 00:00:00',2480,2000,952,1,1024),(25,'2015-03-02 00:00:00',2500,2000,950,1,1025),(26,'2015-03-02 00:00:00',2520,2000,948,1,1026),(27,'2015-03-02 00:00:00',2540,2000,946,1,1027),(28,'2015-03-02 00:00:00',2560,2000,944,1,1028),(29,'2015-03-02 00:00:00',2580,2000,942,1,1029),(30,'2015-03-02 00:00:00',2600,2000,940,1,1030),(31,'2015-03-02 00:00:00',2620,2000,938,1,1031),(32,'2015-03-02 00:00:00',2640,2000,936,1,1032),(33,'2015-03-02 00:00:00',2660,2000,934,1,1033),(34,'2015-03-02 00:00:00',2680,2000,932,1,1034),(35,'2015-03-02 00:00:00',2700,2000,930,1,1035),(36,'2015-03-02 00:00:00',2720,2000,928,1,1036),(37,'2015-03-02 00:00:00',2740,2000,926,1,1037),(38,'2015-03-02 00:00:00',2760,2000,924,1,1038),(39,'2015-03-02 00:00:00',2780,2000,922,1,1039),(40,'2015-03-02 00:00:00',2800,2000,920,1,1040),(41,'2015-03-02 00:00:00',2820,2000,918,1,1041),(42,'2015-03-02 00:00:00',2840,2000,916,1,1042),(43,'2015-03-02 00:00:00',2860,2000,914,1,1043),(44,'2015-03-02 00:00:00',2880,2000,912,1,1044),(45,'2015-03-02 00:00:00',2900,2000,910,1,1045),(46,'2015-03-02 00:00:00',2920,2000,908,1,1046),(47,'2015-03-02 00:00:00',2940,2000,906,1,1047),(48,'2015-03-02 00:00:00',2960,2000,904,1,1048),(49,'2015-03-02 00:00:00',2980,2000,902,1,1049),(50,'2015-03-02 00:00:00',3000,2000,900,1,1050),(51,'2015-03-03 00:00:00',2040,2020,996,1,1001),(52,'2015-03-03 00:00:00',2080,2040,992,1,1002),(53,'2015-03-03 00:00:00',2120,2060,988,1,1003),(54,'2015-03-03 00:00:00',2160,2080,984,1,1004),(55,'2015-03-03 00:00:00',2200,2100,980,1,1005),(56,'2015-03-03 00:00:00',2240,2120,976,1,1006),(57,'2015-03-03 00:00:00',2280,2140,972,1,1007),(58,'2015-03-03 00:00:00',2320,2160,968,1,1008),(59,'2015-03-03 00:00:00',2360,2180,964,1,1009),(60,'2015-03-03 00:00:00',2400,2200,960,1,1010),(61,'2015-03-03 00:00:00',2440,2220,956,1,1011),(62,'2015-03-03 00:00:00',2480,2240,952,1,1012),(63,'2015-03-03 00:00:00',2520,2260,948,1,1013),(64,'2015-03-03 00:00:00',2560,2280,944,1,1014),(65,'2015-03-03 00:00:00',2600,2300,940,1,1015),(66,'2015-03-03 00:00:00',2640,2320,936,1,1016),(67,'2015-03-03 00:00:00',2680,2340,932,1,1017),(68,'2015-03-03 00:00:00',2720,2360,928,1,1018),(69,'2015-03-03 00:00:00',2760,2380,924,1,1019),(70,'2015-03-03 00:00:00',2800,2400,920,1,1020),(71,'2015-03-03 00:00:00',2840,2420,916,1,1021),(72,'2015-03-03 00:00:00',2880,2440,912,1,1022),(73,'2015-03-03 00:00:00',2920,2460,908,1,1023),(74,'2015-03-03 00:00:00',2960,2480,904,1,1024),(75,'2015-03-03 00:00:00',3000,2500,900,1,1025),(76,'2015-03-03 00:00:00',3040,2520,896,1,1026),(77,'2015-03-03 00:00:00',3080,2540,892,1,1027),(78,'2015-03-03 00:00:00',3120,2560,888,1,1028),(79,'2015-03-03 00:00:00',3160,2580,884,1,1029),(80,'2015-03-03 00:00:00',3200,2600,880,1,1030),(81,'2015-03-03 00:00:00',3240,2620,876,1,1031),(82,'2015-03-03 00:00:00',3280,2640,872,1,1032),(83,'2015-03-03 00:00:00',3320,2660,868,1,1033),(84,'2015-03-03 00:00:00',3360,2680,864,1,1034),(85,'2015-03-03 00:00:00',3400,2700,860,1,1035),(86,'2015-03-03 00:00:00',3440,2720,856,1,1036),(87,'2015-03-03 00:00:00',3480,2740,852,1,1037),(88,'2015-03-03 00:00:00',3520,2760,848,1,1038),(89,'2015-03-03 00:00:00',3560,2780,844,1,1039),(90,'2015-03-03 00:00:00',3600,2800,840,1,1040),(91,'2015-03-03 00:00:00',3640,2820,836,1,1041),(92,'2015-03-03 00:00:00',3680,2840,832,1,1042),(93,'2015-03-03 00:00:00',3720,2860,828,1,1043),(94,'2015-03-03 00:00:00',3760,2880,824,1,1044),(95,'2015-03-03 00:00:00',3800,2900,820,1,1045),(96,'2015-03-03 00:00:00',3840,2920,816,1,1046),(97,'2015-03-03 00:00:00',3880,2940,812,1,1047),(98,'2015-03-03 00:00:00',3920,2960,808,1,1048),(99,'2015-03-03 00:00:00',3960,2980,804,1,1049),(100,'2015-03-03 00:00:00',4000,3000,800,1,1050),(151,'2015-03-04 00:00:00',2070,2040,993,0,1001),(152,'2015-03-04 00:00:00',2140,2080,986,0,1002),(153,'2015-03-04 00:00:00',2210,2120,979,0,1003),(154,'2015-03-04 00:00:00',2280,2160,972,0,1004),(155,'2015-03-04 00:00:00',2350,2200,965,0,1005),(156,'2015-03-04 00:00:00',2420,2240,958,0,1006),(157,'2015-03-04 00:00:00',2490,2280,951,0,1007),(158,'2015-03-04 00:00:00',2560,2320,944,0,1008),(159,'2015-03-04 00:00:00',2630,2360,937,0,1009),(160,'2015-03-04 00:00:00',2700,2400,930,0,1010),(161,'2015-03-04 00:00:00',2770,2440,923,0,1011),(162,'2015-03-04 00:00:00',2840,2480,916,0,1012),(163,'2015-03-04 00:00:00',2910,2520,909,0,1013),(164,'2015-03-04 00:00:00',2980,2560,902,0,1014),(165,'2015-03-04 00:00:00',3050,2600,895,0,1015),(166,'2015-03-04 00:00:00',3120,2640,888,0,1016),(167,'2015-03-04 00:00:00',3190,2680,881,0,1017),(168,'2015-03-04 00:00:00',3260,2720,874,0,1018),(169,'2015-03-04 00:00:00',3330,2760,867,0,1019),(170,'2015-03-04 00:00:00',3400,2800,860,0,1020),(171,'2015-03-04 00:00:00',3470,2840,853,0,1021),(172,'2015-03-04 00:00:00',3540,2880,846,0,1022),(173,'2015-03-04 00:00:00',3610,2920,839,0,1023),(174,'2015-03-04 00:00:00',3680,2960,832,0,1024),(175,'2015-03-04 00:00:00',3750,3000,825,0,1025),(176,'2015-03-04 00:00:00',3820,3040,818,0,1026),(177,'2015-03-04 00:00:00',3890,3080,811,0,1027),(178,'2015-03-04 00:00:00',3960,3120,804,0,1028),(179,'2015-03-04 00:00:00',4030,3160,797,0,1029),(180,'2015-03-04 00:00:00',4100,3200,790,0,1030),(181,'2015-03-04 00:00:00',4170,3240,783,0,1031),(182,'2015-03-04 00:00:00',4240,3280,776,0,1032),(183,'2015-03-04 00:00:00',4310,3320,769,0,1033),(184,'2015-03-04 00:00:00',4380,3360,762,0,1034),(185,'2015-03-04 00:00:00',4450,3400,755,0,1035),(186,'2015-03-04 00:00:00',4520,3440,748,0,1036),(187,'2015-03-04 00:00:00',4590,3480,741,0,1037),(188,'2015-03-04 00:00:00',4660,3520,734,0,1038),(189,'2015-03-04 00:00:00',4730,3560,727,0,1039),(190,'2015-03-04 00:00:00',4800,3600,720,0,1040),(191,'2015-03-04 00:00:00',4870,3640,713,0,1041),(192,'2015-03-04 00:00:00',4940,3680,706,0,1042),(193,'2015-03-04 00:00:00',5010,3720,699,0,1043),(194,'2015-03-04 00:00:00',5080,3760,692,0,1044),(195,'2015-03-04 00:00:00',5150,3800,685,0,1045),(196,'2015-03-04 00:00:00',5220,3840,678,0,1046),(197,'2015-03-04 00:00:00',5290,3880,671,0,1047),(198,'2015-03-04 00:00:00',5360,3920,664,0,1048),(199,'2015-03-04 00:00:00',5430,3960,657,0,1049),(200,'2015-03-04 00:00:00',5500,4000,650,0,1050),(201,'2015-03-04 00:00:00',6000,5000,2,0,1051),(202,'2015-03-04 00:00:00',7000,6000,3,0,1052),(203,'2015-03-04 00:00:00',7300,6200,4,0,1053),(204,'2015-03-04 00:00:00',7800,6300,1,0,1054);

/*Table structure for table `gas_warning` */

DROP TABLE IF EXISTS `gas_warning`;

CREATE TABLE `gas_warning` (
  `warning_id` int(11) NOT NULL AUTO_INCREMENT,
  `collect_time` timestamp NOT NULL DEFAULT CURRENT_TIMESTAMP ON UPDATE CURRENT_TIMESTAMP,
  `gas_value` int(11) NOT NULL,
  `gas_guard` int(11) NOT NULL,
  `previous_value` int(11) NOT NULL,
  `flag` int(11) NOT NULL DEFAULT '0',
  `customer_id` int(11) DEFAULT NULL,
  PRIMARY KEY (`warning_id`)
) ENGINE=InnoDB DEFAULT CHARSET=utf8;

/*Data for the table `gas_warning` */

/*Table structure for table `money` */

DROP TABLE IF EXISTS `money`;

CREATE TABLE `money` (
  `id` int(11) NOT NULL AUTO_INCREMENT,
  `result` int(11) NOT NULL,
  `previous` int(11) DEFAULT NULL,
  `operate` int(11) NOT NULL,
  `flag` int(11) DEFAULT NULL,
  `customer_id` int(11) NOT NULL,
  `operate_time` timestamp NULL DEFAULT CURRENT_TIMESTAMP ON UPDATE CURRENT_TIMESTAMP,
  PRIMARY KEY (`id`)
) ENGINE=InnoDB AUTO_INCREMENT=205 DEFAULT CHARSET=utf8;

/*Data for the table `money` */

insert  into `money`(`id`,`result`,`previous`,`operate`,`flag`,`customer_id`,`operate_time`) values (1,1000,0,1000,1,1001,'2015-03-01 00:00:00'),(2,1000,0,1000,1,1002,'2015-03-01 00:00:00'),(3,1000,0,1000,1,1003,'2015-03-01 00:00:00'),(4,1000,0,1000,1,1004,'2015-03-01 00:00:00'),(5,1000,0,1000,1,1005,'2015-03-01 00:00:00'),(6,1000,0,1000,1,1006,'2015-03-01 00:00:00'),(7,1000,0,1000,1,1007,'2015-03-01 00:00:00'),(8,1000,0,1000,1,1008,'2015-03-01 00:00:00'),(9,1000,0,1000,1,1009,'2015-03-01 00:00:00'),(10,1000,0,1000,1,1010,'2015-03-01 00:00:00'),(11,1000,0,1000,1,1011,'2015-03-01 00:00:00'),(12,1000,0,1000,1,1012,'2015-03-01 00:00:00'),(13,1000,0,1000,1,1013,'2015-03-01 00:00:00'),(14,1000,0,1000,1,1014,'2015-03-01 00:00:00'),(15,1000,0,1000,1,1015,'2015-03-01 00:00:00'),(16,1000,0,1000,1,1016,'2015-03-01 00:00:00'),(17,1000,0,1000,1,1017,'2015-03-01 00:00:00'),(18,1000,0,1000,1,1018,'2015-03-01 00:00:00'),(19,1000,0,1000,1,1019,'2015-03-01 00:00:00'),(20,1000,0,1000,1,1020,'2015-03-01 00:00:00'),(21,1000,0,1000,1,1021,'2015-03-01 00:00:00'),(22,1000,0,1000,1,1022,'2015-03-01 00:00:00'),(23,1000,0,1000,1,1023,'2015-03-01 00:00:00'),(24,1000,0,1000,1,1024,'2015-03-01 00:00:00'),(25,1000,0,1000,1,1025,'2015-03-01 00:00:00'),(26,1000,0,1000,1,1026,'2015-03-01 00:00:00'),(27,1000,0,1000,1,1027,'2015-03-01 00:00:00'),(28,1000,0,1000,1,1028,'2015-03-01 00:00:00'),(29,1000,0,1000,1,1029,'2015-03-01 00:00:00'),(30,1000,0,1000,1,1030,'2015-03-01 00:00:00'),(31,1000,0,1000,1,1031,'2015-03-01 00:00:00'),(32,1000,0,1000,1,1032,'2015-03-01 00:00:00'),(33,1000,0,1000,1,1033,'2015-03-01 00:00:00'),(34,1000,0,1000,1,1034,'2015-03-01 00:00:00'),(35,1000,0,1000,1,1035,'2015-03-01 00:00:00'),(36,1000,0,1000,1,1036,'2015-03-01 00:00:00'),(37,1000,0,1000,1,1037,'2015-03-01 00:00:00'),(38,1000,0,1000,1,1038,'2015-03-01 00:00:00'),(39,1000,0,1000,1,1039,'2015-03-01 00:00:00'),(40,1000,0,1000,1,1040,'2015-03-01 00:00:00'),(41,1000,0,1000,1,1041,'2015-03-01 00:00:00'),(42,1000,0,1000,1,1042,'2015-03-01 00:00:00'),(43,1000,0,1000,1,1043,'2015-03-01 00:00:00'),(44,1000,0,1000,1,1044,'2015-03-01 00:00:00'),(45,1000,0,1000,1,1045,'2015-03-01 00:00:00'),(46,1000,0,1000,1,1046,'2015-03-01 00:00:00'),(47,1000,0,1000,1,1047,'2015-03-01 00:00:00'),(48,1000,0,1000,1,1048,'2015-03-01 00:00:00'),(49,1000,0,1000,1,1049,'2015-03-01 00:00:00'),(50,1000,0,1000,1,1050,'2015-03-01 00:00:00'),(51,998,1000,-2,1,1001,'2015-03-02 00:00:00'),(52,996,1000,-4,1,1002,'2015-03-02 00:00:00'),(53,994,1000,-6,1,1003,'2015-03-02 00:00:00'),(54,992,1000,-8,1,1004,'2015-03-02 00:00:00'),(55,990,1000,-10,1,1005,'2015-03-02 00:00:00'),(56,988,1000,-12,1,1006,'2015-03-02 00:00:00'),(57,986,1000,-14,1,1007,'2015-03-02 00:00:00'),(58,984,1000,-16,1,1008,'2015-03-02 00:00:00'),(59,982,1000,-18,1,1009,'2015-03-02 00:00:00'),(60,980,1000,-20,1,1010,'2015-03-02 00:00:00'),(61,978,1000,-22,1,1011,'2015-03-02 00:00:00'),(62,976,1000,-24,1,1012,'2015-03-02 00:00:00'),(63,974,1000,-26,1,1013,'2015-03-02 00:00:00'),(64,972,1000,-28,1,1014,'2015-03-02 00:00:00'),(65,970,1000,-30,1,1015,'2015-03-02 00:00:00'),(66,968,1000,-32,1,1016,'2015-03-02 00:00:00'),(67,966,1000,-34,1,1017,'2015-03-02 00:00:00'),(68,964,1000,-36,1,1018,'2015-03-02 00:00:00'),(69,962,1000,-38,1,1019,'2015-03-02 00:00:00'),(70,960,1000,-40,1,1020,'2015-03-02 00:00:00'),(71,958,1000,-42,1,1021,'2015-03-02 00:00:00'),(72,956,1000,-44,1,1022,'2015-03-02 00:00:00'),(73,954,1000,-46,1,1023,'2015-03-02 00:00:00'),(74,952,1000,-48,1,1024,'2015-03-02 00:00:00'),(75,950,1000,-50,1,1025,'2015-03-02 00:00:00'),(76,948,1000,-52,1,1026,'2015-03-02 00:00:00'),(77,946,1000,-54,1,1027,'2015-03-02 00:00:00'),(78,944,1000,-56,1,1028,'2015-03-02 00:00:00'),(79,942,1000,-58,1,1029,'2015-03-02 00:00:00'),(80,940,1000,-60,1,1030,'2015-03-02 00:00:00'),(81,938,1000,-62,1,1031,'2015-03-02 00:00:00'),(82,936,1000,-64,1,1032,'2015-03-02 00:00:00'),(83,934,1000,-66,1,1033,'2015-03-02 00:00:00'),(84,932,1000,-68,1,1034,'2015-03-02 00:00:00'),(85,930,1000,-70,1,1035,'2015-03-02 00:00:00'),(86,928,1000,-72,1,1036,'2015-03-02 00:00:00'),(87,926,1000,-74,1,1037,'2015-03-02 00:00:00'),(88,924,1000,-76,1,1038,'2015-03-02 00:00:00'),(89,922,1000,-78,1,1039,'2015-03-02 00:00:00'),(90,920,1000,-80,1,1040,'2015-03-02 00:00:00'),(91,918,1000,-82,1,1041,'2015-03-02 00:00:00'),(92,916,1000,-84,1,1042,'2015-03-02 00:00:00'),(93,914,1000,-86,1,1043,'2015-03-02 00:00:00'),(94,912,1000,-88,1,1044,'2015-03-02 00:00:00'),(95,910,1000,-90,1,1045,'2015-03-02 00:00:00'),(96,908,1000,-92,1,1046,'2015-03-02 00:00:00'),(97,906,1000,-94,1,1047,'2015-03-02 00:00:00'),(98,904,1000,-96,1,1048,'2015-03-02 00:00:00'),(99,902,1000,-98,1,1049,'2015-03-02 00:00:00'),(100,900,1000,-100,1,1050,'2015-03-02 00:00:00'),(101,996,998,-2,1,1001,'2015-03-03 00:00:00'),(102,992,996,-4,1,1002,'2015-03-03 00:00:00'),(103,988,994,-6,1,1003,'2015-03-03 00:00:00'),(104,984,992,-8,1,1004,'2015-03-03 00:00:00'),(105,980,990,-10,1,1005,'2015-03-03 00:00:00'),(106,976,988,-12,1,1006,'2015-03-03 00:00:00'),(107,972,986,-14,1,1007,'2015-03-03 00:00:00'),(108,968,984,-16,1,1008,'2015-03-03 00:00:00'),(109,964,982,-18,1,1009,'2015-03-03 00:00:00'),(110,960,980,-20,1,1010,'2015-03-03 00:00:00'),(111,956,978,-22,1,1011,'2015-03-03 00:00:00'),(112,952,976,-24,1,1012,'2015-03-03 00:00:00'),(113,948,974,-26,1,1013,'2015-03-03 00:00:00'),(114,944,972,-28,1,1014,'2015-03-03 00:00:00'),(115,940,970,-30,1,1015,'2015-03-03 00:00:00'),(116,936,968,-32,1,1016,'2015-03-03 00:00:00'),(117,932,966,-34,1,1017,'2015-03-03 00:00:00'),(118,928,964,-36,1,1018,'2015-03-03 00:00:00'),(119,924,962,-38,1,1019,'2015-03-03 00:00:00'),(120,920,960,-40,1,1020,'2015-03-03 00:00:00'),(121,916,958,-42,1,1021,'2015-03-03 00:00:00'),(122,912,956,-44,1,1022,'2015-03-03 00:00:00'),(123,908,954,-46,1,1023,'2015-03-03 00:00:00'),(124,904,952,-48,1,1024,'2015-03-03 00:00:00'),(125,900,950,-50,1,1025,'2015-03-03 00:00:00'),(126,896,948,-52,1,1026,'2015-03-03 00:00:00'),(127,892,946,-54,1,1027,'2015-03-03 00:00:00'),(128,888,944,-56,1,1028,'2015-03-03 00:00:00'),(129,884,942,-58,1,1029,'2015-03-03 00:00:00'),(130,880,940,-60,1,1030,'2015-03-03 00:00:00'),(131,876,938,-62,1,1031,'2015-03-03 00:00:00'),(132,872,936,-64,1,1032,'2015-03-03 00:00:00'),(133,868,934,-66,1,1033,'2015-03-03 00:00:00'),(134,864,932,-68,1,1034,'2015-03-03 00:00:00'),(135,860,930,-70,1,1035,'2015-03-03 00:00:00'),(136,856,928,-72,1,1036,'2015-03-03 00:00:00'),(137,852,926,-74,1,1037,'2015-03-03 00:00:00'),(138,848,924,-76,1,1038,'2015-03-03 00:00:00'),(139,844,922,-78,1,1039,'2015-03-03 00:00:00'),(140,840,920,-80,1,1040,'2015-03-03 00:00:00'),(141,836,918,-82,1,1041,'2015-03-03 00:00:00'),(142,832,916,-84,1,1042,'2015-03-03 00:00:00'),(143,828,914,-86,1,1043,'2015-03-03 00:00:00'),(144,824,912,-88,1,1044,'2015-03-03 00:00:00'),(145,820,910,-90,1,1045,'2015-03-03 00:00:00'),(146,816,908,-92,1,1046,'2015-03-03 00:00:00'),(147,812,906,-94,1,1047,'2015-03-03 00:00:00'),(148,808,904,-96,1,1048,'2015-03-03 00:00:00'),(149,804,902,-98,1,1049,'2015-03-03 00:00:00'),(150,800,900,-100,1,1050,'2015-03-03 00:00:00'),(151,993,996,-3,0,1001,'2015-03-04 00:00:00'),(152,986,992,-6,0,1002,'2015-03-04 00:00:00'),(153,979,988,-9,0,1003,'2015-03-04 00:00:00'),(154,972,984,-12,0,1004,'2015-03-04 00:00:00'),(155,965,980,-15,0,1005,'2015-03-04 00:00:00'),(156,958,976,-18,0,1006,'2015-03-04 00:00:00'),(157,951,972,-21,0,1007,'2015-03-04 00:00:00'),(158,944,968,-24,0,1008,'2015-03-04 00:00:00'),(159,937,964,-27,0,1009,'2015-03-04 00:00:00'),(160,930,960,-30,0,1010,'2015-03-04 00:00:00'),(161,923,956,-33,0,1011,'2015-03-04 00:00:00'),(162,916,952,-36,0,1012,'2015-03-04 00:00:00'),(163,909,948,-39,0,1013,'2015-03-04 00:00:00'),(164,902,944,-42,0,1014,'2015-03-04 00:00:00'),(165,895,940,-45,0,1015,'2015-03-04 00:00:00'),(166,888,936,-48,0,1016,'2015-03-04 00:00:00'),(167,881,932,-51,0,1017,'2015-03-04 00:00:00'),(168,874,928,-54,0,1018,'2015-03-04 00:00:00'),(169,867,924,-57,0,1019,'2015-03-04 00:00:00'),(170,860,920,-60,0,1020,'2015-03-04 00:00:00'),(171,853,916,-63,0,1021,'2015-03-04 00:00:00'),(172,846,912,-66,0,1022,'2015-03-04 00:00:00'),(173,839,908,-69,0,1023,'2015-03-04 00:00:00'),(174,832,904,-72,0,1024,'2015-03-04 00:00:00'),(175,825,900,-75,0,1025,'2015-03-04 00:00:00'),(176,818,896,-78,0,1026,'2015-03-04 00:00:00'),(177,811,892,-81,0,1027,'2015-03-04 00:00:00'),(178,804,888,-84,0,1028,'2015-03-04 00:00:00'),(179,797,884,-87,0,1029,'2015-03-04 00:00:00'),(180,790,880,-90,0,1030,'2015-03-04 00:00:00'),(181,783,876,-93,0,1031,'2015-03-04 00:00:00'),(182,776,872,-96,0,1032,'2015-03-04 00:00:00'),(183,769,868,-99,0,1033,'2015-03-04 00:00:00'),(184,762,864,-102,0,1034,'2015-03-04 00:00:00'),(185,755,860,-105,0,1035,'2015-03-04 00:00:00'),(186,748,856,-108,0,1036,'2015-03-04 00:00:00'),(187,741,852,-111,0,1037,'2015-03-04 00:00:00'),(188,734,848,-114,0,1038,'2015-03-04 00:00:00'),(189,727,844,-117,0,1039,'2015-03-04 00:00:00'),(190,720,840,-120,0,1040,'2015-03-04 00:00:00'),(191,713,836,-123,0,1041,'2015-03-04 00:00:00'),(192,706,832,-126,0,1042,'2015-03-04 00:00:00'),(193,699,828,-129,0,1043,'2015-03-04 00:00:00'),(194,692,824,-132,0,1044,'2015-03-04 00:00:00'),(195,685,820,-135,0,1045,'2015-03-04 00:00:00'),(196,678,816,-138,0,1046,'2015-03-04 00:00:00'),(197,671,812,-141,0,1047,'2015-03-04 00:00:00'),(198,664,808,-144,0,1048,'2015-03-04 00:00:00'),(199,657,804,-147,0,1049,'2015-03-04 00:00:00'),(200,650,800,-150,0,1050,'2015-03-04 00:00:00'),(201,2,10,-8,0,1051,'2015-03-04 00:00:00'),(202,3,10,-7,0,1052,'2015-03-04 00:00:00'),(203,4,10,-6,0,1053,'2015-03-04 00:00:00'),(204,1,10,-9,0,1054,'2015-03-04 00:00:00');

/*Table structure for table `parameters` */

DROP TABLE IF EXISTS `parameters`;

CREATE TABLE `parameters` (
  `parameters_id` int(11) NOT NULL AUTO_INCREMENT,
  `name` varchar(10) NOT NULL,
  `value` varchar(20) NOT NULL,
  `collect_time` timestamp NOT NULL DEFAULT CURRENT_TIMESTAMP ON UPDATE CURRENT_TIMESTAMP,
  `user_id` int(11) NOT NULL,
  PRIMARY KEY (`parameters_id`)
) ENGINE=InnoDB DEFAULT CHARSET=utf8;

/*Data for the table `parameters` */

/*Table structure for table `user` */

DROP TABLE IF EXISTS `user`;

CREATE TABLE `user` (
  `user_name` varchar(10) NOT NULL,
  `user_pwd` varchar(20) DEFAULT NULL,
  `user_grade` int(11) DEFAULT NULL,
  PRIMARY KEY (`user_name`)
) ENGINE=InnoDB DEFAULT CHARSET=utf8;

/*Data for the table `user` */

insert  into `user`(`user_name`,`user_pwd`,`user_grade`) values ('admin','admin',0),('fish','fish',2),('vyoung','vyoung',1);

/*!40101 SET SQL_MODE=@OLD_SQL_MODE */;
/*!40014 SET FOREIGN_KEY_CHECKS=@OLD_FOREIGN_KEY_CHECKS */;
/*!40014 SET UNIQUE_CHECKS=@OLD_UNIQUE_CHECKS */;
/*!40111 SET SQL_NOTES=@OLD_SQL_NOTES */;
